final,raw,source,captured,width,height
dji_20260822_143820_0137.jpg,DJI_20260822143820_0001_D.JPG,dji,2026-08-22T14:38:20,3871,2177
dji_20260822_143837_0138.jpg,DJI_20260822143837_0002_D(1).JPG,dji,2026-08-22T14:38:37,3277,1843
dji_20260822_143844_0140.jpg,DJI_20260822143844_0003_D.JPG,dji,2026-08-22T14:38:44,4096,2304
dji_20260822_143917_0141.jpg,DJI_20260822143917_0004_D.JPG,dji,2026-08-22T14:39:17,3277,1843
dji_20260822_143919_0142.jpg,DJI_20260822143919_0005_D.JPG,dji,2026-08-22T14:39:19,3277,1843
dji_20260822_144017_0143.jpg,DJI_20260822144017_0007_D.JPG,dji,2026-08-22T14:40:17,4096,2304
dji_20260822_144049_0144.jpg,DJI_20260822144049_0008_D.JPG,dji,2026-08-22T14:40:49,4096,2304
iphone_20260602_155528_0010.jpg,IMG_9152.HEIC,iphone,2026-06-02T15:55:28,4032,3024
iphone_20260618_182819_0011.jpg,IMG_9493(1).HEIC,iphone,2026-06-18T18:28:19,3024,4032
iphone_20260618_182820_0013.jpg,IMG_9494.HEIC,iphone,2026-06-18T18:28:20,3024,4032
iphone_20260618_182828_0015.jpg,IMG_9497.HEIC,iphone,2026-06-18T18:28:28,3024,4032
iphone_20260618_182838_0016.jpg,IMG_9498.HEIC,iphone,2026-06-18T18:28:38,3024,4032
iphone_20260618_182857_0017.jpg,IMG_9503.HEIC,iphone,2026-06-18T18:28:57,4032,3024
iphone_20260618_182912_0018.jpg,IMG_9509.HEIC,iphone,2026-06-18T18:29:12,3919,2939
iphone_20260618_182933_0019.jpg,IMG_9511.HEIC,iphone,2026-06-18T18:29:33,4032,3024
iphone_20260618_182937_0020.jpg,IMG_9513.HEIC,iphone,2026-06-18T18:29:37,4032,3024
iphone_20260618_182942_0021.jpg,IMG_9516.HEIC,iphone,2026-06-18T18:29:42,4032,3024
nikon_20150708_140141_0004.jpg,DSC_3425.JPG,nikon,2015-07-08T14:01:41,4288,2848
nikon_20150708_140142_0005.jpg,DSC_3426.JPG,nikon,2015-07-08T14:01:42,4288,2848
nikon_20150708_142830_0007.jpg,DSC_3469.JPG,nikon,2015-07-08T14:28:30,4288,2848
nikon_20170912_224313_0008.jpg,DSC_3459.JPG,nikon,2017-09-12T22:43:13,4928,3264
nikon_20180726_224847_0009.jpg,DSC_6777.JPG,nikon,2018-07-26T22:48:47,4928,3264
nikon_20260822_122719_0128.jpg,DSC_6008.JPG,nikon,2026-08-22T12:27:19,5568,3712
nikon_20260822_122720_0129.jpg,DSC_6009.JPG,nikon,2026-08-22T12:27:20,5568,3712
nikon_20260822_122723_0130.jpg,DSC_6010.JPG,nikon,2026-08-22T12:27:23,5568,3712
nikon_20260822_122725_0131.jpg,DSC_6011.JPG,nikon,2026-08-22T12:27:25,5568,3712
nikon_20260822_122729_0132.jpg,DSC_6012.JPG,nikon,2026-08-22T12:27:29,5568,3712
nikon_20260822_122733_0133.jpg,DSC_6013.JPG,nikon,2026-08-22T12:27:33,5568,3712
nikon_20260822_122740_0134.jpg,DSC_6014.JPG,nikon,2026-08-22T12:27:40,5568,3712
nikon_20260822_122743_0135.jpg,DSC_6015.JPG,nikon,2026-08-22T12:27:43,5568,3712
nikon_20260822_122746_0136.jpg,DSC_6016.JPG,nikon,2026-08-22T12:27:46,5568,3712
web_20041014_112137_0001.jpg,usfws-common-loon-nest.jpeg,web,2004-10-14T11:21:37,1200,806
web_20041014_112845_0002.jpg,usfws-common-loon-water.jpeg,web,2004-10-14T11:28:45,1200,806
web_20060330_151611_0003.jpg,usfws-common-loon (1).jpeg,web,2006-03-30T15:16:11,3000,2053
web_20260818_0023.jpg,arttower-loon-358962_1280.jpg,web,2026-08-18,1280,853
web_20260818_0024.jpg,bernell-common-loon-1506442_1280.jpg,web,2026-08-18,1280,887
web_20260818_0025.jpg,bill-chomik-xsTKYBtOgMQ-unsplash.jpg,web,2026-08-18,4257,2523
web_20260818_0026.jpg,chris-bischoff-ObtjC6e3X-A-unsplash.jpg,web,2026-08-18,6199,4139
web_20260818_0027.jpg,chris-chacon-ecjFwsih_mo-unsplash.jpg,web,2026-08-18,2160,3240
web_20260818_0028.jpg,chris-chacon-pBoUzYn-gKk-unsplash.jpg,web,2026-08-18,2160,3240
web_20260818_0029.jpg,chris-chacon-zYaK2jfXp3s-unsplash.jpg,web,2026-08-18,2160,3240
web_20260818_0030.jpg,chris-turgeon-0s2CkCuL8mM-unsplash.jpg,web,2026-08-18,4848,4000
web_20260818_0031.jpg,christian-gagnon-soawPNhjY28-unsplash.jpg,web,2026-08-18,5700,3900
web_20260818_0032.jpg,christopher-paul-high-qKuIyVf6p6M-unsplash.jpg,web,2026-08-18,5565,3716
web_20260818_0033.jpg,clark-young-043pYgee8oc-unsplash.jpg,web,2026-08-18,3489,2322
web_20260818_0034.jpg,daniel-burka-Wyg-iVpxLQ0-unsplash.jpg,web,2026-08-18,3091,4636
web_20260818_0035.jpg,derrickkca-loon-2944632_1280.jpg,web,2026-08-18,1280,854
web_20260818_0036.jpg,detillybert-loon-4134284_1280.jpg,web,2026-08-18,1280,853
web_20260818_0037.jpg,dkbach-loon-458493_1280.jpg,web,2026-08-18,1280,985
web_20260818_0038.jpg,elisa-stone-5ZQujNla-Yc-unsplash.jpg,web,2026-08-18,3988,2658
web_20260818_0039.jpg,enlightening_images-bird-4430060.jpg,web,2026-08-18,3872,2592
web_20260818_0040.jpg,gayleenfroese2-bird-6671130_1280.jpg,web,2026-08-18,1280,854
web_20260818_0041.jpg,gio-bartlett-FTUdbIH36CM-unsplash.jpg,web,2026-08-18,5073,3805
web_20260818_0042.jpg,glennice-burns-0yJgv9Uf2_E-unsplash.jpg,web,2026-08-18,4282,2335
web_20260818_0043.jpg,glennice-burns-Mx5_vDHHcV4-unsplash.jpg,web,2026-08-18,4361,2292
web_20260818_0044.jpg,glennice-burns-QEDqH3K9I4Y-unsplash.jpg,web,2026-08-18,4444,2250
web_20260818_0045.jpg,glennice-burns-nmXuRANtNRc-unsplash.jpg,web,2026-08-18,3723,2686
web_20260818_0046.jpg,hooker472-loon-2244459_1280.jpg,web,2026-08-18,1280,960
web_20260818_0047.jpg,hooker472-loon-2244461_1280.jpg,web,2026-08-18,1280,960
web_20260818_0048.jpg,intune-loon-1543596_1280.jpg,web,2026-08-18,1280,853
web_20260818_0049.jpg,jd-photos-4WfrvN1ZX9g-unsplash.jpg,web,2026-08-18,3223,1814
web_20260818_0050.jpg,jd-photos-cUeChGj_F3M-unsplash.jpg,web,2026-08-18,4592,2584
web_20260818_0051.jpg,jeremy-hynes--tVrwd2UVQM-unsplash.jpg,web,2026-08-18,3943,4418
web_20260818_0052.jpg,jeremy-hynes-0W2iuoxCwDc-unsplash.jpg,web,2026-08-18,2997,4496
web_20260818_0053.jpg,jeremy-hynes-1iFk3UOE-5o-unsplash.jpg,web,2026-08-18,2955,3694
web_20260818_0054.jpg,jeremy-hynes-28V0EvfpcfI-unsplash.jpg,web,2026-08-18,2602,3253
web_20260818_0055.jpg,jeremy-hynes-EhyP_bzCtx0-unsplash.jpg,web,2026-08-18,6029,4020
web_20260818_0056.jpg,jeremy-hynes-Eyf3nXU2TiY-unsplash.jpg,web,2026-08-18,2549,3823
web_20260818_0057.jpg,jeremy-hynes-Hi-5WC6PKpc-unsplash.jpg,web,2026-08-18,2835,4254
web_20260818_0058.jpg,jeremy-hynes-RSMYCJ_VwFs-unsplash.jpg,web,2026-08-18,2753,4131
web_20260818_0059.jpg,jeremy-hynes-SIsOCuIZxIs-unsplash.jpg,web,2026-08-18,4287,4534
web_20260818_0060.jpg,jeremy-hynes-ZHBirQgjV6I-unsplash.jpg,web,2026-08-18,4970,3976
web_20260818_0061.jpg,jeremy-hynes-cqObfpV9S0c-unsplash.jpg,web,2026-08-18,3669,5504
web_20260818_0062.jpg,jeremy-hynes-hmRR4cL3z78-unsplash.jpg,web,2026-08-18,2770,4153
web_20260818_0063.jpg,jeremy-hynes-jZDnRPlhzf0-unsplash.jpg,web,2026-08-18,3496,4756
web_20260818_0064.jpg,jeremy-hynes-n0CPM4ViNNg-unsplash.jpg,web,2026-08-18,5362,3574
web_20260818_0065.jpg,jeremy-hynes-o5xC4CoR7i8-unsplash.jpg,web,2026-08-18,5234,3986
web_20260818_0066.jpg,jeremy-hynes-oWS57X9VDzU-unsplash.jpg,web,2026-08-18,2382,4234
web_20260818_0067.jpg,jeremy-hynes-pUEoruX9WpE-unsplash.jpg,web,2026-08-18,3263,4895
web_20260818_0068.jpg,jeremy-hynes-q4Fqf_mqHj0-unsplash.jpg,web,2026-08-18,2700,4050
web_20260818_0069.jpg,jody-dix-ASwmJw3Cy1U-unsplash.jpg,web,2026-08-18,3171,2114
web_20260818_0070.jpg,jody-dix-vylP5lIkXi0-unsplash.jpg,web,2026-08-18,2949,1966
web_20260818_0071.jpg,kelly-sikkema-Cfao-AN-4x0-unsplash.jpg,web,2026-08-18,6239,3514
web_20260818_0072.jpg,kevin-crosby-CFBgBz2umRg-unsplash.jpg,web,2026-08-18,4770,2975
web_20260818_0073.jpg,krista269-loon-1958037_1280.jpg,web,2026-08-18,1280,853
web_20260818_0074.jpg,maddy-weiss-fbm6DumIHGc-unsplash.jpg,web,2026-08-18,4320,3240
web_20260818_0075.jpg,mark-olsen-CCop6ooMVb0-unsplash.jpg,web,2026-08-18,2752,3669
web_20260818_0076.jpg,mark-olsen-NtYzlmRKwLI-unsplash.jpg,web,2026-08-18,5253,7004
web_20260818_0077.jpg,mattscsf-loon-2743181_1280.jpg,web,2026-08-18,857,1280
web_20260818_0078.jpg,nick-ringsmuth-BIU8ef8y9xQ-unsplash.jpg,web,2026-08-18,6000,4000
web_20260818_0079.jpg,nick-ringsmuth-eg9jtjoU5Ac-unsplash.jpg,web,2026-08-18,4000,6000
web_20260818_0080.jpg,nick-ringsmuth-oLDub_Lg5pM-unsplash.jpg,web,2026-08-18,4000,6000
web_20260818_0081.jpg,nick-ringsmuth-viNiKzgK4yk-unsplash.jpg,web,2026-08-18,6000,4000
web_20260818_0082.jpg,paul-crook-3Kv_Nv-h_sQ-unsplash.jpg,web,2026-08-18,4241,2827
web_20260818_0083.jpg,paul-crook-lOUhPdSYYhk-unsplash.jpg,web,2026-08-18,4679,3009
web_20260818_0084.jpg,paul-crook-qXnq3963jBo-unsplash.jpg,web,2026-08-18,4471,2799
web_20260818_0085.jpg,pexels-am83-13161658.jpg,web,2026-08-18,4074,2720
web_20260818_0086.jpg,pexels-am83-16936498 (1).jpg,web,2026-08-18,4477,2985
web_20260818_0088.jpg,pexels-am83-16976223.jpg,web,2026-08-18,4633,3089
web_20260818_0089.jpg,pexels-beth-fitzpatrick-742222899-19604674.jpg,web,2026-08-18,6000,4000
web_20260818_0090.jpg,pexels-caleb-falkenhagen-216813613-33260928.jpg,web,2026-08-18,6068,9504
web_20260818_0091.jpg,pexels-chris-spain-1559126760-30621993.jpg,web,2026-08-18,4953,2786
web_20260818_0092.jpg,pexels-dan-lynch-2153544483-34798353.jpg,web,2026-08-18,5568,3712
web_20260818_0093.jpg,pexels-ensar-dogan-turkmenli-1058125868-21364000.jpg,web,2026-08-18,3456,5184
web_20260818_0094.jpg,pexels-john-hanson-2150619980-31347862 (1).jpg,web,2026-08-18,6240,4160
web_20260818_0096.jpg,pexels-john-hanson-2150619980-34507200.jpg,web,2026-08-18,3000,2400
web_20260818_0097.jpg,pexels-justinas-926248479-33719631.jpg,web,2026-08-18,2423,3635
web_20260818_0098.jpg,pexels-lureofadventure-10762581.jpg,web,2026-08-18,5833,3889
web_20260818_0099.jpg,pexels-lureofadventure-10762635.jpg,web,2026-08-18,5833,3889
web_20260818_0100.jpg,pexels-lureofadventure-10772367.jpg,web,2026-08-18,5833,3889
web_20260818_0101.jpg,pexels-nataliia-kotovych-2162534794-38315678.jpg,web,2026-08-18,2958,2266
web_20260818_0102.jpg,pexels-neslihan-97164342-24354632.jpg,web,2026-08-18,1707,2560
web_20260818_0103.jpg,pexels-patrick-droog-809423147-30708375.jpg,web,2026-08-18,2736,1824
web_20260818_0104.jpg,pexels-pavel-danilyuk-6716207.jpg,web,2026-08-18,5255,3508
web_20260818_0105.jpg,pexels-robertkso-20638171.jpg,web,2026-08-18,5337,2898
web_20260818_0106.jpg,pexels-robertkso-20638178.jpg,web,2026-08-18,4619,2863
web_20260818_0107.jpg,pexels-stijn-dijkstra-1306815-18074914.jpg,web,2026-08-18,3046,3795
web_20260818_0108.jpg,pexels-veronika-andrews-2153322013-37735876.jpg,web,2026-08-18,6738,3967
web_20260818_0109.jpg,pexels-veronika-andrews-2153322013-37735892.jpg,web,2026-08-18,5400,3967
web_20260818_0110.jpg,pexels-xingzhe-xu-2159809275-36322213.jpg,web,2026-08-18,5053,3368
web_20260818_0112.jpg,ralph-katieb-5hUTpqaxG_c-unsplash.jpg,web,2026-08-18,5466,3652
web_20260818_0113.jpg,ray-hennessy-YF-nygeNGR8-unsplash.jpg,web,2026-08-18,4692,3123
web_20260818_0114.jpg,slipacre-loon-1596827_1280.jpg,web,2026-08-18,1280,854
web_20260818_0115.jpg,steve-adams-9hQbpROi6k0-unsplash.jpg,web,2026-08-18,3957,2641
web_20260818_0116.jpg,steve-adams-eDRiwgU4Nw4-unsplash.jpg,web,2026-08-18,3549,2369
web_20260818_0117.jpg,steve-adams-hFNHMXoBmhg-unsplash.jpg,web,2026-08-18,3122,2084
web_20260818_0118.jpg,steve-adams-uXoxn3cCh7s-unsplash.jpg,web,2026-08-18,4000,2670
web_20260818_0119.jpg,tyler-schroeder-aHBtQOJM1Xs-unsplash.jpg,web,2026-08-18,6000,4000
web_20260818_0120.jpg,usfws-common-loon (2).jpeg,web,2026-08-18,3431,2379
web_20260818_0121.jpg,usfws-common-loon-water (1).jpeg,web,2026-08-18,1200,803
web_20260818_0122.jpg,usfws-common-loon.jpeg,web,2026-08-18,1200,1813
web_20260818_0123.jpg,usfws-common-loons.jpeg,web,2026-08-18,3008,2000
web_20260818_0124.jpg,usfws-loon-nest.jpeg,web,2026-08-18,1200,813
web_20260818_0125.jpg,usfws-pacific-loon-or-arctic-loon-and-brood.jpeg,web,2026-08-18,1200,795
web_20260818_0126.jpg,yodyodyo-loon-712044_1280.jpg,web,2026-08-18,1280,815
web_20260818_0127.jpg,yodyodyo-loon-712045_1280.jpg,web,2026-08-18,1280,851
